Id,Name
1,Legal
2,Product Management
3,Legal
4,Marketing
5,Legal
6,Sales
7,Research and Development
8,Legal
9,Training
10,Business Development
11,Services
12,Business Development
13,Legal
14,Support
15,Engineering
16,Marketing
17,Services
18,Research and Development
19,Services
20,Research and Development
21,Support
22,Human Resources
23,Marketing
24,Research and Development
25,Sales
26,Legal
27,Research and Development
28,Accounting
29,Marketing
30,Product Management
31,Product Management
32,Engineering
33,Services
34,Engineering
35,Training
36,Marketing
37,Marketing
38,Training
39,Support
40,Services
41,Product Management
42,Marketing
43,Training
44,Research and Development
45,Human Resources
46,Marketing
47,Training
48,Engineering
49,Human Resources
50,Services
